{
  "deleteCharacters" : {
    "transaction" : "deleteCharacters",
    "sampleCount" : 2000,
    "errorCount" : 0,
    "errorPct" : 0.0,
    "meanResTime" : 15.443499999999998,
    "medianResTime" : 3.0,
    "minResTime" : 0.0,
    "maxResTime" : 168.0,
    "pct1ResTime" : 52.0,
    "pct2ResTime" : 77.0,
    "pct3ResTime" : 89.0,
    "throughput" : 829.531314807134,
    "receivedKBytesPerSec" : 201.7122044794691,
    "sentKBytesPerSec" : 173.35908336789714
  },
  "getCharacterId" : {
    "transaction" : "getCharacterId",
    "sampleCount" : 2000,
    "errorCount" : 0,
    "errorPct" : 0.0,
    "meanResTime" : 22.77849999999996,
    "medianResTime" : 4.0,
    "minResTime" : 0.0,
    "maxResTime" : 189.0,
    "pct1ResTime" : 80.0,
    "pct2ResTime" : 125.94999999999982,
    "pct3ResTime" : 175.0,
    "throughput" : 792.3930269413629,
    "receivedKBytesPerSec" : 181.8480091125198,
    "sentKBytesPerSec" : 99.04912836767036
  },
  "Total" : {
    "transaction" : "Total",
    "sampleCount" : 10000,
    "errorCount" : 0,
    "errorPct" : 0.0,
    "meanResTime" : 139.38840000000056,
    "medianResTime" : 4.0,
    "minResTime" : 0.0,
    "maxResTime" : 2183.0,
    "pct1ResTime" : 162.0,
    "pct2ResTime" : 1319.7999999999956,
    "pct3ResTime" : 2003.0,
    "throughput" : 3463.803255975061,
    "receivedKBytesPerSec" : 943.0119798882923,
    "sentKBytesPerSec" : 634.579580879806
  },
  "editCharacter" : {
    "transaction" : "editCharacter",
    "sampleCount" : 2000,
    "errorCount" : 0,
    "errorPct" : 0.0,
    "meanResTime" : 18.97350000000003,
    "medianResTime" : 3.0,
    "minResTime" : 0.0,
    "maxResTime" : 189.0,
    "pct1ResTime" : 77.0,
    "pct2ResTime" : 89.0,
    "pct3ResTime" : 102.0,
    "throughput" : 802.2462896109106,
    "receivedKBytesPerSec" : 184.10925591656638,
    "sentKBytesPerSec" : 184.10925591656638
  },
  "createCharacter" : {
    "transaction" : "createCharacter",
    "sampleCount" : 2000,
    "errorCount" : 0,
    "errorPct" : 0.0,
    "meanResTime" : 22.662000000000003,
    "medianResTime" : 4.0,
    "minResTime" : 0.0,
    "maxResTime" : 173.0,
    "pct1ResTime" : 82.0,
    "pct2ResTime" : 98.0,
    "pct3ResTime" : 127.0,
    "throughput" : 777.6049766718506,
    "receivedKBytesPerSec" : 178.45426710730948,
    "sentKBytesPerSec" : 177.6948872472784
  },
  "getCharacters" : {
    "transaction" : "getCharacters",
    "sampleCount" : 2000,
    "errorCount" : 0,
    "errorPct" : 0.0,
    "meanResTime" : 617.0844999999994,
    "medianResTime" : 91.0,
    "minResTime" : 0.0,
    "maxResTime" : 2183.0,
    "pct1ResTime" : 1851.000000000001,
    "pct2ResTime" : 2003.0,
    "pct3ResTime" : 2121.9700000000003,
    "throughput" : 693.4812760055479,
    "receivedKBytesPerSec" : 297.91759221133844,
    "sentKBytesPerSec" : 86.00793169209432
  }
}