{
  "deleteCharacters" : {
    "transaction" : "deleteCharacters",
    "sampleCount" : 100,
    "errorCount" : 0,
    "errorPct" : 0.0,
    "meanResTime" : 7.95,
    "medianResTime" : 2.0,
    "minResTime" : 0.0,
    "maxResTime" : 67.0,
    "pct1ResTime" : 21.0,
    "pct2ResTime" : 21.0,
    "pct3ResTime" : 66.54999999999977,
    "throughput" : 166.38935108153078,
    "receivedKBytesPerSec" : 40.459910565723796,
    "sentKBytesPerSec" : 34.77277454242929
  },
  "getCharacterId" : {
    "transaction" : "getCharacterId",
    "sampleCount" : 100,
    "errorCount" : 0,
    "errorPct" : 0.0,
    "meanResTime" : 9.029999999999996,
    "medianResTime" : 2.0,
    "minResTime" : 0.0,
    "maxResTime" : 54.0,
    "pct1ResTime" : 20.0,
    "pct2ResTime" : 36.19999999999982,
    "pct3ResTime" : 53.84999999999992,
    "throughput" : 156.00624024961,
    "receivedKBytesPerSec" : 35.80221333853354,
    "sentKBytesPerSec" : 19.50078003120125
  },
  "Total" : {
    "transaction" : "Total",
    "sampleCount" : 500,
    "errorCount" : 0,
    "errorPct" : 0.0,
    "meanResTime" : 14.843999999999996,
    "medianResTime" : 2.0,
    "minResTime" : 0.0,
    "maxResTime" : 100.0,
    "pct1ResTime" : 41.80000000000007,
    "pct2ResTime" : 94.94999999999999,
    "pct3ResTime" : 99.0,
    "throughput" : 660.5019815059445,
    "receivedKBytesPerSec" : 168.38801395310435,
    "sentKBytesPerSec" : 121.00602708058123
  },
  "editCharacter" : {
    "transaction" : "editCharacter",
    "sampleCount" : 100,
    "errorCount" : 0,
    "errorPct" : 0.0,
    "meanResTime" : 8.75,
    "medianResTime" : 2.0,
    "minResTime" : 0.0,
    "maxResTime" : 67.0,
    "pct1ResTime" : 19.0,
    "pct2ResTime" : 21.0,
    "pct3ResTime" : 67.0,
    "throughput" : 160.77170418006432,
    "receivedKBytesPerSec" : 36.895850080385856,
    "sentKBytesPerSec" : 36.895850080385856
  },
  "createCharacter" : {
    "transaction" : "createCharacter",
    "sampleCount" : 100,
    "errorCount" : 0,
    "errorPct" : 0.0,
    "meanResTime" : 9.459999999999997,
    "medianResTime" : 3.0,
    "minResTime" : 0.0,
    "maxResTime" : 66.0,
    "pct1ResTime" : 24.0,
    "pct2ResTime" : 26.94999999999999,
    "pct3ResTime" : 65.87999999999994,
    "throughput" : 153.84615384615387,
    "receivedKBytesPerSec" : 35.30649038461539,
    "sentKBytesPerSec" : 35.15625
  },
  "getCharacters" : {
    "transaction" : "getCharacters",
    "sampleCount" : 100,
    "errorCount" : 0,
    "errorPct" : 0.0,
    "meanResTime" : 39.03,
    "medianResTime" : 11.0,
    "minResTime" : 1.0,
    "maxResTime" : 100.0,
    "pct1ResTime" : 98.0,
    "pct2ResTime" : 99.0,
    "pct3ResTime" : 99.99,
    "throughput" : 132.80212483399734,
    "receivedKBytesPerSec" : 45.55865081341302,
    "sentKBytesPerSec" : 16.470576029216467
  }
}