{
  "deleteCharacters" : {
    "transaction" : "deleteCharacters",
    "sampleCount" : 22878,
    "errorCount" : 0,
    "errorPct" : 0.0,
    "meanResTime" : 83.70657400122379,
    "medianResTime" : 91.0,
    "minResTime" : 1.0,
    "maxResTime" : 184.0,
    "pct1ResTime" : 125.0,
    "pct2ResTime" : 139.0,
    "pct3ResTime" : 153.0,
    "throughput" : 769.7846567967699,
    "receivedKBytesPerSec" : 187.1839643968708,
    "sentKBytesPerSec" : 160.87296538526246
  },
  "getCharacterId" : {
    "transaction" : "getCharacterId",
    "sampleCount" : 23034,
    "errorCount" : 0,
    "errorPct" : 0.0,
    "meanResTime" : 82.85473647651304,
    "medianResTime" : 91.0,
    "minResTime" : 1.0,
    "maxResTime" : 238.0,
    "pct1ResTime" : 123.0,
    "pct2ResTime" : 139.0,
    "pct3ResTime" : 152.0,
    "throughput" : 772.8492819755738,
    "receivedKBytesPerSec" : 177.36287232837876,
    "sentKBytesPerSec" : 96.60616024694673
  },
  "Total" : {
    "transaction" : "Total",
    "sampleCount" : 115770,
    "errorCount" : 78,
    "errorPct" : 0.06737497,
    "meanResTime" : 255.39154357778423,
    "medianResTime" : 118.0,
    "minResTime" : 1.0,
    "maxResTime" : 32525.0,
    "pct1ResTime" : 151.0,
    "pct2ResTime" : 157.0,
    "pct3ResTime" : 29226.980000000003,
    "throughput" : 3426.567217190552,
    "receivedKBytesPerSec" : 8243.348356660303,
    "sentKBytesPerSec" : 626.3434165593737
  },
  "editCharacter" : {
    "transaction" : "editCharacter",
    "sampleCount" : 22962,
    "errorCount" : 0,
    "errorPct" : 0.0,
    "meanResTime" : 84.16479400749053,
    "medianResTime" : 93.0,
    "minResTime" : 1.0,
    "maxResTime" : 238.0,
    "pct1ResTime" : 127.0,
    "pct2ResTime" : 140.0,
    "pct3ResTime" : 153.0,
    "throughput" : 771.6763005780347,
    "receivedKBytesPerSec" : 177.0936822615607,
    "sentKBytesPerSec" : 177.0936822615607
  },
  "createCharacter" : {
    "transaction" : "createCharacter",
    "sampleCount" : 23116,
    "errorCount" : 0,
    "errorPct" : 0.0,
    "meanResTime" : 89.78015227548094,
    "medianResTime" : 96.0,
    "minResTime" : 1.0,
    "maxResTime" : 294.0,
    "pct1ResTime" : 134.0,
    "pct2ResTime" : 144.0,
    "pct3ResTime" : 162.0,
    "throughput" : 774.7427690451452,
    "receivedKBytesPerSec" : 177.7974128179777,
    "sentKBytesPerSec" : 177.04082808258204
  },
  "getCharacters" : {
    "transaction" : "getCharacters",
    "sampleCount" : 23780,
    "errorCount" : 78,
    "errorPct" : 0.3280067,
    "meanResTime" : 914.0123633305283,
    "medianResTime" : 99.0,
    "minResTime" : 1.0,
    "maxResTime" : 32525.0,
    "pct1ResTime" : 141.0,
    "pct2ResTime" : 154.0,
    "pct3ResTime" : 29226.980000000003,
    "throughput" : 703.8418279760847,
    "receivedKBytesPerSec" : 7609.246317816551,
    "sentKBytesPerSec" : 87.2928829618777
  }
}