{
  "deleteCharacters" : {
    "transaction" : "deleteCharacters",
    "sampleCount" : 20000,
    "errorCount" : 0,
    "errorPct" : 0.0,
    "meanResTime" : 23.962899999999834,
    "medianResTime" : 5.0,
    "minResTime" : 0.0,
    "maxResTime" : 574.0,
    "pct1ResTime" : 55.0,
    "pct2ResTime" : 114.0,
    "pct3ResTime" : 318.9900000000016,
    "throughput" : 577.1172990910403,
    "receivedKBytesPerSec" : 140.3341869860049,
    "sentKBytesPerSec" : 120.60849805222911
  },
  "getCharacterId" : {
    "transaction" : "getCharacterId",
    "sampleCount" : 20000,
    "errorCount" : 0,
    "errorPct" : 0.0,
    "meanResTime" : 24.556799999999786,
    "medianResTime" : 6.0,
    "minResTime" : 0.0,
    "maxResTime" : 615.0,
    "pct1ResTime" : 56.0,
    "pct2ResTime" : 116.0,
    "pct3ResTime" : 307.0,
    "throughput" : 572.5245469899521,
    "receivedKBytesPerSec" : 131.38991068617068,
    "sentKBytesPerSec" : 71.56556837374403
  },
  "Total" : {
    "transaction" : "Total",
    "sampleCount" : 100000,
    "errorCount" : 42,
    "errorPct" : 0.042,
    "meanResTime" : 516.2423000000007,
    "medianResTime" : 6.0,
    "minResTime" : 0.0,
    "maxResTime" : 32111.0,
    "pct1ResTime" : 35.0,
    "pct2ResTime" : 55.95000000000073,
    "pct3ResTime" : 17565.99,
    "throughput" : 2822.785524755829,
    "receivedKBytesPerSec" : 790.0618046685344,
    "sentKBytesPerSec" : 516.9960908831084
  },
  "editCharacter" : {
    "transaction" : "editCharacter",
    "sampleCount" : 20000,
    "errorCount" : 0,
    "errorPct" : 0.0,
    "meanResTime" : 24.511949999999928,
    "medianResTime" : 5.0,
    "minResTime" : 0.0,
    "maxResTime" : 577.0,
    "pct1ResTime" : 55.0,
    "pct2ResTime" : 111.0,
    "pct3ResTime" : 316.0,
    "throughput" : 573.2301519059903,
    "receivedKBytesPerSec" : 131.551841501863,
    "sentKBytesPerSec" : 131.551841501863
  },
  "createCharacter" : {
    "transaction" : "createCharacter",
    "sampleCount" : 20000,
    "errorCount" : 0,
    "errorPct" : 0.0,
    "meanResTime" : 29.675850000000178,
    "medianResTime" : 6.0,
    "minResTime" : 0.0,
    "maxResTime" : 3773.0,
    "pct1ResTime" : 60.0,
    "pct2ResTime" : 116.0,
    "pct3ResTime" : 271.9800000000032,
    "throughput" : 572.0496539099595,
    "receivedKBytesPerSec" : 131.28092643441448,
    "sentKBytesPerSec" : 130.72228419426804
  },
  "getCharacters" : {
    "transaction" : "getCharacters",
    "sampleCount" : 20000,
    "errorCount" : 42,
    "errorPct" : 0.21,
    "meanResTime" : 2478.503999999991,
    "medianResTime" : 11.0,
    "minResTime" : 0.0,
    "maxResTime" : 32111.0,
    "pct1ResTime" : 9572.400000000009,
    "pct2ResTime" : 16432.0,
    "pct3ResTime" : 17565.99,
    "throughput" : 564.6049177088332,
    "receivedKBytesPerSec" : 264.1198371732349,
    "sentKBytesPerSec" : 69.87719181393445
  }
}