{
  "deleteCharacters" : {
    "transaction" : "deleteCharacters",
    "sampleCount" : 58733,
    "errorCount" : 0,
    "errorPct" : 0.0,
    "meanResTime" : 147.19755503720313,
    "medianResTime" : 181.0,
    "minResTime" : 1.0,
    "maxResTime" : 512.0,
    "pct1ResTime" : 199.0,
    "pct2ResTime" : 207.0,
    "pct3ResTime" : 237.0,
    "throughput" : 931.2203706933457,
    "receivedKBytesPerSec" : 226.43932842054986,
    "sentKBytesPerSec" : 194.61050715661716
  },
  "getCharacterId" : {
    "transaction" : "getCharacterId",
    "sampleCount" : 59181,
    "errorCount" : 0,
    "errorPct" : 0.0,
    "meanResTime" : 155.64834997718913,
    "medianResTime" : 181.0,
    "minResTime" : 1.0,
    "maxResTime" : 24800.0,
    "pct1ResTime" : 199.0,
    "pct2ResTime" : 206.0,
    "pct3ResTime" : 236.0,
    "throughput" : 936.5267755412078,
    "receivedKBytesPerSec" : 214.92557837127328,
    "sentKBytesPerSec" : 117.06584694265096
  },
  "Total" : {
    "transaction" : "Total",
    "sampleCount" : 300269,
    "errorCount" : 4045,
    "errorPct" : 1.3471254,
    "meanResTime" : 1062.5457972684503,
    "medianResTime" : 8.0,
    "minResTime" : 1.0,
    "maxResTime" : 69014.0,
    "pct1ResTime" : 64928.0,
    "pct2ResTime" : 65141.0,
    "pct3ResTime" : 65295.0,
    "throughput" : 3367.2636336110704,
    "receivedKBytesPerSec" : 2765.4204949578348,
    "sentKBytesPerSec" : 613.245187286931
  },
  "editCharacter" : {
    "transaction" : "editCharacter",
    "sampleCount" : 58935,
    "errorCount" : 0,
    "errorPct" : 0.0,
    "meanResTime" : 147.25674047679533,
    "medianResTime" : 181.0,
    "minResTime" : 1.0,
    "maxResTime" : 525.0,
    "pct1ResTime" : 199.0,
    "pct2ResTime" : 207.0,
    "pct3ResTime" : 236.0,
    "throughput" : 933.4610998479474,
    "receivedKBytesPerSec" : 214.22202975026133,
    "sentKBytesPerSec" : 214.22202975026133
  },
  "createCharacter" : {
    "transaction" : "createCharacter",
    "sampleCount" : 59920,
    "errorCount" : 200,
    "errorPct" : 0.33377838,
    "meanResTime" : 552.0494492656869,
    "medianResTime" : 182.0,
    "minResTime" : 1.0,
    "maxResTime" : 64670.0,
    "pct1ResTime" : 202.0,
    "pct2ResTime" : 228.0,
    "pct3ResTime" : 45713.56000000039,
    "throughput" : 673.7504919323101,
    "receivedKBytesPerSec" : 155.24408627087197,
    "sentKBytesPerSec" : 153.88286125400572
  },
  "getCharacters" : {
    "transaction" : "getCharacters",
    "sampleCount" : 63500,
    "errorCount" : 3845,
    "errorPct" : 6.055118,
    "meanResTime" : 4085.5969448818873,
    "medianResTime" : 186.0,
    "minResTime" : 1.0,
    "maxResTime" : 69014.0,
    "pct1ResTime" : 64928.0,
    "pct2ResTime" : 65141.0,
    "pct3ResTime" : 65295.0,
    "throughput" : 853.2767169674411,
    "receivedKBytesPerSec" : 2572.001167481591,
    "sentKBytesPerSec" : 104.84304348519868
  }
}